{
    "train_loss": [
        0.722285380071782,
        0.4931934694660471,
        0.42270843811491704,
        0.3754777921007035,
        0.3499945002667447,
        0.3266218420355878,
        0.30802344166217965,
        0.2955525167127873,
        0.27740217079507545,
        0.2682808525067695,
        0.2707211048679149,
        0.2521977922383775,
        0.24723039535765953,
        0.23577181107186257,
        0.23576535157700804,
        0.2293315482266406,
        0.21897728455827592,
        0.22230120684872282,
        0.21592764802118566,
        0.2091698945361249
    ],
    "train_acc": [
        0.7404144503546098,
        0.8200908687943262,
        0.8468528368794327,
        0.8675753546099291,
        0.8713984929078014,
        0.8866356382978723,
        0.8934507978723404,
        0.8956671099290779,
        0.9034796099290779,
        0.9073581560283689,
        0.9012078900709221,
        0.9171099290780141,
        0.9191046099290779,
        0.9202127659574468,
        0.9179410460992907,
        0.917830230496454,
        0.9277482269503545,
        0.9210992907801417,
        0.9239250886524822,
        0.9258089539007093
    ],
    "test_loss": [
        0.5579482577741146,
        0.4747459130982558,
        0.4200314103315274,
        0.3891743316004674,
        0.3655565915008386,
        0.3567976461102565,
        0.3329201163724065,
        0.3339570180202524,
        0.31382106834401685,
        0.31798270251601934,
        0.30626565031707287,
        0.30392546734462184,
        0.3008701081077258,
        0.2899386876573165,
        0.29034874867647886,
        0.2827242976054549,
        0.28989381855353713,
        0.286680213175714,
        0.27908219676464796,
        0.27848097107683617
    ],
    "test_acc": [
        0.8089657738095238,
        0.8341703869047619,
        0.8486793154761906,
        0.85546875,
        0.8592819940476191,
        0.8662574404761906,
        0.8755580357142857,
        0.8644903273809524,
        0.8773251488095238,
        0.8740699404761906,
        0.8773251488095238,
        0.8815104166666666,
        0.8831845238095238,
        0.8843005952380952,
        0.8895089285714285,
        0.8903459821428572,
        0.88671875,
        0.8792782738095238,
        0.8870907738095238,
        0.8916480654761906
    ],
    "training_time": 1990.083055973053
}