{
    "train_loss": [
        0.7113846014154718,
        0.45803889854157226,
        0.3852584698098771,
        0.34465213119983673,
        0.32003575024452613,
        0.29827658895482406,
        0.28877268351138907,
        0.27736989139242374,
        0.26668822527565855,
        0.2565104000745936,
        0.24993055345530205,
        0.24781632352065533,
        0.2367459646564849,
        0.23333018518825796,
        0.22743216180737982,
        0.2222151257731813,
        0.22263346699641107,
        0.21694012073443292,
        0.21075784684495724,
        0.21079587357792448
    ],
    "train_acc": [
        0.7416334219858156,
        0.8483488475177305,
        0.8656360815602837,
        0.8803191489361702,
        0.883699024822695,
        0.8940048758865248,
        0.8931737588652482,
        0.8999889184397163,
        0.8988807624113476,
        0.9054742907801417,
        0.9074689716312057,
        0.9070811170212766,
        0.9147828014184397,
        0.9142287234042553,
        0.9184397163120567,
        0.9176640070921986,
        0.9165558510638298,
        0.9200465425531915,
        0.9226507092198583,
        0.923260195035461
    ],
    "test_loss": [
        0.529955423126618,
        0.4355542877068122,
        0.37218173407018185,
        0.33563126033792895,
        0.3170772925950587,
        0.2989313444122672,
        0.284152844765534,
        0.2812728330803414,
        0.27291884180158377,
        0.26156630894790095,
        0.2570837606520702,
        0.2528304278384894,
        0.2426893493781487,
        0.24169106199406087,
        0.23547611075143018,
        0.24656674816894034,
        0.22979613098626336,
        0.22756322946709892,
        0.2246147469462206,
        0.22180117821941772
    ],
    "test_acc": [
        0.8204055059523809,
        0.8311941964285715,
        0.8628162202380952,
        0.8704427083333334,
        0.8819754464285715,
        0.8854166666666666,
        0.8914620535714285,
        0.8888578869047619,
        0.8921130952380952,
        0.8993675595238094,
        0.8992745535714285,
        0.9015997023809524,
        0.9022507440476191,
        0.9033668154761906,
        0.9078311011904762,
        0.8980654761904762,
        0.9032738095238094,
        0.9065290178571428,
        0.9091331845238094,
        0.9104352678571428
    ],
    "training_time": 3462.9336245059967
}