{
    "train_loss": [
        0.7269394854281811,
        0.4973228028480043,
        0.41772265985925144,
        0.36966233272501764,
        0.3406725156497448,
        0.3143692324136166,
        0.29604320545145807,
        0.2864190839389537,
        0.2657090591940474,
        0.25595453254719996,
        0.250263161006126,
        0.2386344701368758,
        0.23569669083077857,
        0.22648403682607285,
        0.21840849463292894,
        0.21279323418089685,
        0.21087359747988113,
        0.2030680145513504,
        0.19913441679896193,
        0.19496376455781309
    ],
    "train_acc": [
        0.6999113475177305,
        0.8134973404255319,
        0.8526706560283689,
        0.8702349290780141,
        0.8786015070921986,
        0.8872451241134752,
        0.893894060283688,
        0.8933399822695035,
        0.9056959219858156,
        0.910017730496454,
        0.9105164007092199,
        0.9192708333333333,
        0.914561170212766,
        0.9189383865248226,
        0.9269725177304965,
        0.9268617021276596,
        0.9280252659574468,
        0.9311835106382979,
        0.9314605496453902,
        0.9321808510638298
    ],
    "test_loss": [
        0.6004078773160776,
        0.49478481709957123,
        0.4352693638453881,
        0.3962917725245158,
        0.3653732854872942,
        0.3449167972430587,
        0.34342610525588196,
        0.31334227696061134,
        0.3061314004783829,
        0.2962284690390031,
        0.2834325913960735,
        0.2872076953450839,
        0.2682130131870508,
        0.26187216412896913,
        0.2568134904528658,
        0.2583164512179792,
        0.2532436903566122,
        0.24157835263758898,
        0.23569150905435285,
        0.23855274093026915
    ],
    "test_acc": [
        0.7563244047619048,
        0.8084077380952381,
        0.8326822916666666,
        0.8546316964285715,
        0.8754650297619048,
        0.8675595238095238,
        0.8726748511904762,
        0.8882068452380952,
        0.8917410714285715,
        0.8938802083333334,
        0.8966703869047619,
        0.8926711309523809,
        0.8979724702380952,
        0.9040178571428572,
        0.9070870535714285,
        0.9019717261904762,
        0.9083891369047619,
        0.9051339285714285,
        0.9122953869047619,
        0.9175037202380952
    ],
    "training_time": 3639.1195299625397
}