{
    "train_loss": [
        0.6579904581638093,
        0.4991572489763828,
        0.4562168615929624,
        0.42554389003743515,
        0.40417901775304305,
        0.3874851864703158,
        0.36935833746448477,
        0.3579299871591812,
        0.35199054964679355,
        0.3382239760236537,
        0.32637643433631736,
        0.3237865922298837,
        0.31181145364299734,
        0.3046121351579402,
        0.30022710355672433,
        0.2919525057077408,
        0.28806446096364485,
        0.2866149419482718,
        0.27923231223162187,
        0.2727165494827514
    ],
    "train_acc": [
        0.7209663120567376,
        0.795988475177305,
        0.8090093085106383,
        0.8236923758865248,
        0.8352726063829787,
        0.8535571808510638,
        0.8567708333333333,
        0.862533244680851,
        0.868074024822695,
        0.8735039893617021,
        0.879155585106383,
        0.8759973404255319,
        0.8887411347517731,
        0.8875775709219859,
        0.890625,
        0.8972185283687943,
        0.8963874113475178,
        0.8969414893617021,
        0.901595744680851,
        0.902980939716312
    ],
    "test_loss": [
        0.5440487898886204,
        0.4826068791250388,
        0.4635142733653386,
        0.42471606377512217,
        0.4115655596057574,
        0.4001656463369727,
        0.39877501378456753,
        0.3835690470101933,
        0.3672777875326574,
        0.35714781004935503,
        0.3546581577199201,
        0.3386124521493912,
        0.33330565489207703,
        0.3273194342230757,
        0.3206736251401405,
        0.32916745201994974,
        0.3167989078598718,
        0.3226753842706482,
        0.3256157959500949,
        0.2975769859428207
    ],
    "test_acc": [
        0.7660900297619048,
        0.7901785714285715,
        0.8043154761904762,
        0.8248697916666666,
        0.8318452380952381,
        0.8413318452380952,
        0.8327752976190476,
        0.8482142857142857,
        0.8544456845238094,
        0.8591889880952381,
        0.8672805059523809,
        0.876953125,
        0.8724888392857143,
        0.876953125,
        0.8806733630952381,
        0.8762090773809524,
        0.8798363095238094,
        0.8740699404761906,
        0.8721168154761906,
        0.8884858630952381
    ],
    "training_time": 1419.432454109192
}