{
    "train_loss": [
        0.7030753743775348,
        0.45740937140393767,
        0.37669092226535716,
        0.3359458826957865,
        0.30704387404183126,
        0.2832507622685838,
        0.26405913144984144,
        0.25480123466633736,
        0.2431255984813609,
        0.22937337039633,
        0.2291131561740916,
        0.213156918975267,
        0.21235530609463124,
        0.20112629789621272,
        0.19173794041605705,
        0.1844188093822053,
        0.18572451673606608,
        0.1812098725362027,
        0.17371504262406776,
        0.17447472403341152
    ],
    "train_acc": [
        0.7599179964539008,
        0.8521719858156029,
        0.8728945035460992,
        0.8863585992907801,
        0.8949468085106383,
        0.9059729609929078,
        0.9139516843971631,
        0.913563829787234,
        0.9174423758865248,
        0.9205452127659575,
        0.9216533687943262,
        0.9316267730496455,
        0.9304078014184397,
        0.9313497340425532,
        0.9385527482269503,
        0.9382203014184397,
        0.9387743794326242,
        0.9434840425531915,
        0.9427637411347518,
        0.9428191489361702
    ],
    "test_loss": [
        0.5056588078538576,
        0.4164371273169915,
        0.35738462395966053,
        0.3317481093108654,
        0.3128837238376339,
        0.30038201436400414,
        0.28676379720369977,
        0.2795890389631192,
        0.2747311005368829,
        0.2623641872778535,
        0.2692924556322396,
        0.25459604167069,
        0.2562494866239528,
        0.25259342525775236,
        0.25047747138887644,
        0.2469968025883039,
        0.2497392368192474,
        0.24149331108977398,
        0.24148299436395368,
        0.24737737498556575
    ],
    "test_acc": [
        0.8436569940476191,
        0.8690476190476191,
        0.8815104166666666,
        0.8890438988095238,
        0.8922991071428572,
        0.8931361607142857,
        0.8976934523809524,
        0.8991815476190476,
        0.9071800595238094,
        0.9052269345238094,
        0.9007626488095238,
        0.9084821428571428,
        0.9039248511904762,
        0.9056919642857143,
        0.9071800595238094,
        0.9084821428571428,
        0.9084821428571428,
        0.9104352678571428,
        0.9091331845238094,
        0.9058779761904762
    ],
    "training_time": 3510.723623752594
}