{
    "train_loss": [
        0.5965588127679013,
        0.39707225053868395,
        0.34248272123488976,
        0.3118526150888585,
        0.287434735513748,
        0.27082153647503954,
        0.26021853628310754,
        0.2478854034809356,
        0.24127680190066073,
        0.23272839204428045,
        0.2240410918726566,
        0.21814236211332869,
        0.21173579864045408,
        0.20758994954063537,
        0.20518073019512156,
        0.1998642442074228,
        0.19450414204534064,
        0.1933578500088225,
        0.19322878431449544,
        0.18762845054585883
    ],
    "train_acc": [
        0.7606382978723404,
        0.8507313829787234,
        0.8720633865248226,
        0.8851396276595744,
        0.8928967198581561,
        0.8966090425531915,
        0.8988253546099291,
        0.9050310283687943,
        0.9053080673758864,
        0.910793439716312,
        0.9125110815602837,
        0.9137300531914894,
        0.9178856382978723,
        0.9203789893617021,
        0.9210438829787234,
        0.9200465425531915,
        0.9226507092198583,
        0.9219304078014184,
        0.9210438829787234,
        0.9228723404255319
    ],
    "test_loss": [
        0.44111987203359604,
        0.36087869976957637,
        0.3234869713584582,
        0.29461362088720006,
        0.27768143933887285,
        0.26151367525259656,
        0.25280356608952087,
        0.24216293776407838,
        0.23862036876380444,
        0.2344531004006664,
        0.2265681247226894,
        0.2258375430634866,
        0.21743383087838689,
        0.2103329603560269,
        0.21762061111318567,
        0.20622800569981337,
        0.20878522944015762,
        0.20390192264070114,
        0.19570674103063843,
        0.22561545685554543
    ],
    "test_acc": [
        0.8289620535714285,
        0.8678385416666666,
        0.8877418154761906,
        0.8882068452380952,
        0.8958333333333334,
        0.9063430059523809,
        0.9104352678571428,
        0.9085751488095238,
        0.9095052083333334,
        0.9147135416666666,
        0.9146205357142857,
        0.9114583333333334,
        0.9171316964285715,
        0.9290364583333334,
        0.9122023809523809,
        0.9228980654761906,
        0.9173177083333334,
        0.9214099702380952,
        0.9299665178571428,
        0.9040178571428572
    ],
    "training_time": 1543.6747035980225
}