{
    "train_loss": [
        0.46860444418927455,
        0.29007577547367586,
        0.25542281235152103,
        0.23681772896584044,
        0.2254672052853919,
        0.21579561628242758,
        0.214195570016795,
        0.20803874667654645,
        0.20074663422209152,
        0.20140118825625866,
        0.19636515472480592,
        0.1964287151523093,
        0.19385627871181102,
        0.18930381409665373,
        0.1859179401492819,
        0.1843186970403854,
        0.18057444406316636,
        0.17978321832228214,
        0.1806404727729077,
        0.17605363973911772
    ],
    "train_acc": [
        0.840480939716312,
        0.8976063829787234,
        0.9066378546099291,
        0.9114029255319149,
        0.9207114361702128,
        0.9192154255319149,
        0.9187721631205673,
        0.9223182624113476,
        0.9249224290780141,
        0.9234818262411348,
        0.9273049645390071,
        0.9231493794326242,
        0.9238142730496455,
        0.9263630319148937,
        0.9279698581560284,
        0.9300199468085106,
        0.9307402482269503,
        0.930574024822695,
        0.9281360815602837,
        0.9317375886524822
    ],
    "test_loss": [
        0.36173624188328785,
        0.2946251592754076,
        0.2709331834533562,
        0.2633055859866242,
        0.25175187333176535,
        0.2503178659826517,
        0.2448471972408394,
        0.23848273005569354,
        0.2559618598703916,
        0.22310794474712262,
        0.22474578154894212,
        0.22469267163736126,
        0.2317961330215136,
        0.2290135354657347,
        0.20318809933572388,
        0.2417871278594248,
        0.20159423242633542,
        0.20517347723944113,
        0.20423954273186004,
        0.20017997961258516
    ],
    "test_acc": [
        0.8502604166666666,
        0.8875558035714285,
        0.890625,
        0.8919270833333334,
        0.9025297619047619,
        0.8987165178571428,
        0.9005766369047619,
        0.8999255952380952,
        0.90234375,
        0.9141555059523809,
        0.9145275297619048,
        0.9051339285714285,
        0.9064360119047619,
        0.9079241071428572,
        0.9228980654761906,
        0.9060639880952381,
        0.9281063988095238,
        0.9159226190476191,
        0.9192708333333334,
        0.9193638392857143
    ],
    "training_time": 1434.3215386867523
}