{
    "train_loss": [
        0.5550747488407378,
        0.3489750538100588,
        0.2995845190388091,
        0.27798204013007755,
        0.25403746058966253,
        0.247826033687972,
        0.23541292746333367,
        0.2204899624624151,
        0.2146821622835829,
        0.20746883940189442,
        0.20621406889342248,
        0.1974932572784576,
        0.18619833117786874,
        0.19030130773465684,
        0.1776890273582428,
        0.18152330054881724,
        0.182416568173373,
        0.16981282101032583,
        0.16736535022550442,
        0.16630369179109308
    ],
    "train_acc": [
        0.8183732269503545,
        0.8645279255319149,
        0.8877437943262412,
        0.893783244680851,
        0.9038674645390071,
        0.9068594858156029,
        0.9090757978723404,
        0.9163342198581561,
        0.9189937943262412,
        0.9198803191489362,
        0.9224290780141844,
        0.9233156028368795,
        0.9296320921985816,
        0.9270833333333333,
        0.9358377659574468,
        0.9279144503546098,
        0.9275265957446809,
        0.9340647163120567,
        0.9408244680851063,
        0.938386524822695
    ],
    "test_loss": [
        0.3749879564469059,
        0.3069429276511073,
        0.27922403207048774,
        0.26617874096458155,
        0.25268989025304717,
        0.24053379412119588,
        0.23289673294251165,
        0.23281818736965457,
        0.22470582113601267,
        0.22332596072616676,
        0.22594941485052308,
        0.21863334501783052,
        0.21687160626364252,
        0.21699233450150737,
        0.21207079687155783,
        0.2227399812739653,
        0.21107533966035893,
        0.21243426968188336,
        0.21632603326967606,
        0.21466402187555408
    ],
    "test_acc": [
        0.8754650297619048,
        0.8955543154761906,
        0.8920200892857143,
        0.8937872023809524,
        0.9013206845238094,
        0.9084821428571428,
        0.9086681547619048,
        0.9067150297619048,
        0.9133184523809524,
        0.9135974702380952,
        0.9072730654761906,
        0.9148995535714285,
        0.9167596726190476,
        0.9194568452380952,
        0.9162016369047619,
        0.9114583333333334,
        0.91796875,
        0.9140625,
        0.9138764880952381,
        0.912109375
    ],
    "training_time": 1728.4036667346954
}