{
    "train_loss": [
        0.7863106626145383,
        0.5500860594688578,
        0.4730931428518701,
        0.4254066509769318,
        0.39747523278632063,
        0.3721382494302506,
        0.35033448294122166,
        0.3365187876402064,
        0.3236803713631123,
        0.3166589396114045,
        0.3028915339010827,
        0.2910412900308345,
        0.28358401389832194,
        0.2785688118731722,
        0.26950896658161855,
        0.2710763967417656,
        0.2581695202500262,
        0.2570201060239305,
        0.24752548891813198,
        0.24580299679903275
    ],
    "train_acc": [
        0.6499889184397163,
        0.7883976063829787,
        0.8198692375886524,
        0.8375443262411348,
        0.8503989361702128,
        0.8624778368794327,
        0.8702349290780141,
        0.8772163120567376,
        0.8835328014184397,
        0.8816489361702128,
        0.8912344858156029,
        0.8966644503546098,
        0.8997672872340425,
        0.8999335106382979,
        0.9054188829787234,
        0.9035350177304965,
        0.9091312056737588,
        0.9088541666666667,
        0.9130651595744681,
        0.9119570035460992
    ],
    "test_loss": [
        0.5983415804803371,
        0.49932792658607167,
        0.44736793513099354,
        0.4129651157806317,
        0.3865791329493125,
        0.3752299817278981,
        0.361354005523026,
        0.34577901537219685,
        0.32973010403414565,
        0.32316963095217943,
        0.3189149098470807,
        0.3050805910800894,
        0.3122038847456376,
        0.2929544874156515,
        0.3025583371830483,
        0.2904599552663664,
        0.2777408077381551,
        0.2765674628317356,
        0.2743229824118316,
        0.27023220527917147
    ],
    "test_acc": [
        0.7651599702380952,
        0.8096168154761906,
        0.8250558035714285,
        0.8391927083333334,
        0.8543526785714285,
        0.853515625,
        0.8556547619047619,
        0.8647693452380952,
        0.87109375,
        0.8723958333333334,
        0.8747209821428572,
        0.8780691964285715,
        0.8794642857142857,
        0.8856956845238094,
        0.8828125,
        0.8839285714285715,
        0.8928571428571428,
        0.8926711309523809,
        0.8902529761904762,
        0.8969494047619048
    ],
    "training_time": 1530.0108242034912
}